"#","Image file","Appears on (pages)","Pages","Page element","Recommended alt text (on-page keyword + brand)","Target keyword (from the page)","Plain description (earlier version)","Decorative?","Who does what (in order)","Notes","Image URL"
"1","(no image file)","994","All pages (994)","App widget","(leave empty: alt="""")","","","Yes","App vendor: ask the rewards/discount app's support team to add descriptions to their images or hide them from screen readers. Nothing for tasc to change.","Hidden app element with an empty image. Raise with the rewards/discount app vendor.",""
"2","05_12_Collegiate_Collection_Nav_Thumbnail_605291dd-c85b-4612-8374-5a2a3a95433a.jpg","994","All pages (994)","Mega menu tile","(leave empty: alt="""")","","","Yes","Developer only: in the menu snippet, give these menu images an empty description (alt="""") because the menu text beside them already says the same thing. Nothing for content to do.","Menu tile; the link text ""The Collegiate Shop"" sits right beside it, so mark decorative.","https://www.tascperformance.com/cdn/shop/files/05_12_Collegiate_Collection_Nav_Thumbnail_605291dd-c85b-4612-8374-5a2a3a95433a.jpg?v=1778678809"
"3","CarrolltonD1Swirl-nav-1000x667.jpg","994","All pages (994)","Mega menu tile","(leave empty: alt="""")","","","Yes","Developer only: in the menu snippet, give these menu images an empty description (alt="""") because the menu text beside them already says the same thing. Nothing for content to do.","Menu tile; link text ""The Carrollton Collection"" sits beside it.","https://www.tascperformance.com/cdn/shop/files/CarrolltonD1Swirl-nav-1000x667.jpg?v=1783701101"
"4","collection_nav_images_25.png","994","All pages (994)","Mega menu tile","(leave empty: alt="""")","","","Yes","Developer only: in the menu snippet, give these menu images an empty description (alt="""") because the menu text beside them already says the same thing. Nothing for content to do.","Menu tile; link text ""Bestselling Styles for Men + Women"" sits beside it.","https://www.tascperformance.com/cdn/shop/files/collection_nav_images_25.png?v=1763658462"
"5","collection_nav_images_44.png","994","All pages (994)","Mega menu tile","(leave empty: alt="""")","","","Yes","Developer only: in the menu snippet, give these menu images an empty description (alt="""") because the menu text beside them already says the same thing. Nothing for content to do.","Menu tile; link text ""The Clubhouse Collection"" sits beside it.","https://www.tascperformance.com/cdn/shop/files/collection_nav_images_44.png?v=1779400050"
"6","image-6.png","994","All pages (994)","App widget","(leave empty: alt="""")","","","Yes","App vendor: ask the rewards/discount app's support team to add descriptions to their images or hide them from screen readers. Nothing for tasc to change.","Placeholder inside an app badge. Raise with the app vendor.","https://cdn.shopify.com/extensions/019d9bde-3b5f-7110-a959-0f21b89f5d22/aspire-links-105/assets/image-6.png"
"7","m-Fitted-min.jpg","994","All pages (994)","Size guide pop-up","tasc men's fitted fit: model in a black long sleeve top and tights","size guide: fitted fit","Men's fitted fit shown on a model in a black long sleeve top and tights","No","Developer only: these images are built into the theme's size guide. Paste the recommended alt text straight into the size guide snippet. Nothing for content to do.","","https://www.tascperformance.com/cdn/shop/files/m-Fitted-min.jpg?v=1658789219&width=600"
"8","m-relaxed-min.jpg","994","All pages (994)","Size guide pop-up","tasc men's relaxed fit: model in a navy hoodie","size guide: relaxed fit","Men's relaxed fit shown on a model in a navy hoodie","No","Developer only: these images are built into the theme's size guide. Paste the recommended alt text straight into the size guide snippet. Nothing for content to do.","","https://www.tascperformance.com/cdn/shop/files/m-relaxed-min.jpg?v=1658789246&width=600"
"9","m-Semi-Fit-min.jpg","994","All pages (994)","Size guide pop-up","tasc men's semi-fit: model in a navy quarter-zip","size guide: semi-fit","Men's semi-fit shown on a model in a navy quarter-zip","No","Developer only: these images are built into the theme's size guide. Paste the recommended alt text straight into the size guide snippet. Nothing for content to do.","","https://www.tascperformance.com/cdn/shop/files/m-Semi-Fit-min.jpg?v=1658789233&width=600"
"10","W-Fitted-min.jpg","994","All pages (994)","Size guide pop-up","tasc women's fitted fit: model in a navy long sleeve top","size guide: fitted fit","Women's fitted fit shown on a model in a navy long sleeve top","No","Developer only: these images are built into the theme's size guide. Paste the recommended alt text straight into the size guide snippet. Nothing for content to do.","","https://www.tascperformance.com/cdn/shop/files/W-Fitted-min.jpg?v=1658789175&width=600"
"11","w-next-to-skin-min.jpg","994","All pages (994)","Size guide pop-up","tasc women's next-to-skin fit: model in navy leggings","size guide: next-to-skin fit","Women's next-to-skin fit shown on a model in navy leggings","No","Developer only: these images are built into the theme's size guide. Paste the recommended alt text straight into the size guide snippet. Nothing for content to do.","","https://www.tascperformance.com/cdn/shop/files/w-next-to-skin-min.jpg?v=1658789164&width=600"
"12","w-relax-min.jpg","994","All pages (994)","Size guide pop-up","tasc women's relaxed fit: model in a navy long sleeve top","size guide: relaxed fit","Women's relaxed fit shown on a model in a navy long sleeve top","No","Developer only: these images are built into the theme's size guide. Paste the recommended alt text straight into the size guide snippet. Nothing for content to do.","","https://www.tascperformance.com/cdn/shop/files/w-relax-min.jpg?v=1658789207&width=600"
"13","W-Semi-Fit-min.jpg","994","All pages (994)","Size guide pop-up","tasc women's semi-fit: model in a navy quarter-zip","size guide: semi-fit","Women's semi-fit shown on a model in a navy quarter-zip","No","Developer only: these images are built into the theme's size guide. Paste the recommended alt text straight into the size guide snippet. Nothing for content to do.","","https://www.tascperformance.com/cdn/shop/files/W-Semi-Fit-min.jpg?v=1658789188&width=600"
"14","White_Logo.png","994","All pages (994)","Footer logo","tasc Performance","brand","tasc Performance","No","1) Developer, one time: update the theme snippet called ""lazypicture"" so it shows image descriptions (recommendation D2). 2) Content: in Shopify admin go to Content > Files, search for the file name, open it, paste the recommended alt text into ""Alt text"" and save.","White logo in the footer.","https://www.tascperformance.com/cdn/shop/files/White_Logo.png?v=1708360602&width=1920"
"15","Your_paragraph_text.png","994","All pages (994)","Mega menu tile","(leave empty: alt="""")","","","Yes","Developer only: in the menu snippet, give these menu images an empty description (alt="""") because the menu text beside them already says the same thing. Nothing for content to do.","Menu tile; link text ""UPF 50+ Protective & Sustainable Styles"" sits beside it.","https://www.tascperformance.com/cdn/shop/files/Your_paragraph_text.png?v=1749487941"
"16","Page_ReturnsPolicies_2.jpg","13","/pages/fabrics | /pages/policies | /pages/mens-size-chart | /pages/corporate-sales-ordering-requirements | /pages/sports-bras-size-chart | /pages/womens-size-chart | /pages/reviews | /pages/bambare-unisex-socks-size-chart | /pages/collegiate-bookstore-locations | /pages/offers-9777 | /pages/data-sharing-opt-out | /pages/accessibility-statement-1 | /pages/widerruf-formular","Page banner","Golfer chipping from a bunker in tasc performance apparel","sustainable activewear (shared page banner)","Golfer hitting out of a bunker on a tree-lined course","No","1) Developer, one time: update the theme snippet called ""responsive-image-wrapper"" so it shows image descriptions (recommendation D2). 2) Content: in Shopify admin go to Content > Files, search for the file name, open it, paste the recommended alt text into ""Alt text"" and save.","Shared page banner on 13 pages. Decorative is also acceptable if the page title sits on top of it.","https://www.tascperformance.com/cdn/shop/files/Page_ReturnsPolicies_2.jpg?v=1691784988&width=2500"
"17","wlcr-collection-background-default.jpg","6","/collections/mens-yoga | /collections/the-motion-collection | /collections/now-trending-mens | /collections/now-trending-womens | /collections/wil-lutzs-tasc-collection | /collections/life-time-x-tasc","Collection banner","(leave empty: alt="""")","","","Yes","1) Developer, one time: the ""lazypicture"" snippet update (recommendation D2) covers this image too. 2) Content: nothing to enter. Leave ""Alt text"" empty on purpose; this image is decorative.","Default bamboo background texture behind collection titles.","https://www.tascperformance.com/cdn/shop/t/848/assets/wlcr-collection-background-default.jpg?v=54946222464473165751757425619"
"18","Sale_Collection_Banner_Desktop_1.jpg","3","/collections/mens-sale | /collections/womens-sale | /collections/all-sale-clothing","Collection banner","Palm trees against a blue sky for the tasc men's sale","men's sale clothing","Palm trees against a clear blue sky","No","1) Developer, one time: update the theme snippet called ""lazypicture"" so it shows image descriptions (recommendation D2). 2) Content: in Shopify admin go to Content > Files, search for the file name, open it, paste the recommended alt text into ""Alt text"" and save.","Sale banner (desktop). Decorative is acceptable.","https://www.tascperformance.com/cdn/shop/files/Sale_Collection_Banner_Desktop_1.jpg?v=1783575781&width=1920"
"19","Sale_Collection_Banner_Mobile_1.jpg","3","/collections/mens-sale | /collections/womens-sale | /collections/all-sale-clothing","Collection banner","Palm trees against a blue sky for the tasc men's sale","men's sale clothing","Palm trees against a clear blue sky","No","1) Developer, one time: update the theme snippet called ""lazypicture"" so it shows image descriptions (recommendation D2). 2) Content: in Shopify admin go to Content > Files, search for the file name, open it, paste the recommended alt text into ""Alt text"" and save.","Sale banner (mobile).","https://www.tascperformance.com/cdn/shop/files/Sale_Collection_Banner_Mobile_1.jpg?v=1783575781&width=1920"
"20","0625_Liveintent-Summer-Ready-Nav-V1.jpg","2","/pages/faq2025 | /collections/sustainable-styles","Hero banner","Couple walking their dog in tasc summer activewear","summer-ready activewear","Couple in tasc summer activewear with their dog on a garden path","No","1) Developer, one time: update the theme snippet called ""lazypicture"" so it shows image descriptions (recommendation D2). 2) Content: in Shopify admin go to Content > Files, search for the file name, open it, paste the recommended alt text into ""Alt text"" and save.","","https://www.tascperformance.com/cdn/shop/files/0625_Liveintent-Summer-Ready-Nav-V1.jpg?v=1749678017&width=768"
"21","CarrolltonD1Swirl-1000x1000.jpg","2","/ | /pages/carrollton-fitness-tshirt-bestseller","Feature section","Carrollton bamboo T-shirts in heather colors, the tasc shirt that started it all","Carrollton T-shirt","Carrollton T-shirts in heather tones laid together, showing the tasc logo","No","1) Developer, one time: update the theme snippet called ""responsive-image-wrapper"" so it shows image descriptions (recommendation D2). 2) Content: in Shopify admin go to Content > Files, search for the file name, open it, paste the recommended alt text into ""Alt text"" and save.","","https://www.tascperformance.com/cdn/shop/files/CarrolltonD1Swirl-1000x1000.jpg?v=1783701101&width=4160"
"22","Community-Discounts_11_1.jpg","2","/pages/community-discounts-and-programs | /collections/tasc-performance-collection","Hero banner","Woman in a gray tank and man in a long sleeve tee from tasc, outdoors","community discounts","Woman in a gray tank and man in a long sleeve tee talking outdoors","No","1) Developer, one time: update the theme snippet called ""lazypicture"" so it shows image descriptions (recommendation D2). 2) Content: in Shopify admin go to Content > Files, search for the file name, open it, paste the recommended alt text into ""Alt text"" and save.","","https://www.tascperformance.com/cdn/shop/files/Community-Discounts_11_1.jpg?v=1756397275&width=768"
"23","Motion-LP-UpdatesBestsellers-V1.jpg","2","/pages/carrollton-fitness-tshirt-bestseller | /pages/motion-pant-bestseller","Feature section","Man stretching by a lake in a blue tasc Carrollton bamboo T-shirt","Carrollton Collection","Man stretching by a lake in a blue Carrollton T-shirt","No","1) Developer, one time: update the theme snippet called ""responsive-image-wrapper"" so it shows image descriptions (recommendation D2). 2) Content: in Shopify admin go to Content > Files, search for the file name, open it, paste the recommended alt text into ""Alt text"" and save.","","https://www.tascperformance.com/cdn/shop/files/Motion-LP-UpdatesBestsellers-V1.jpg?v=1727900622&width=1001"
"24","Motion-LP-UpdatesNew-V1.jpg","2","/pages/carrollton-fitness-tshirt-bestseller | /pages/motion-pant-bestseller","Feature section","Golfer in an olive tasc hoodie from men's new arrivals","men's new arrivals","Golfer in an olive hoodie holding a club","No","1) Developer, one time: update the theme snippet called ""responsive-image-wrapper"" so it shows image descriptions (recommendation D2). 2) Content: in Shopify admin go to Content > Files, search for the file name, open it, paste the recommended alt text into ""Alt text"" and save.","","https://www.tascperformance.com/cdn/shop/files/Motion-LP-UpdatesNew-V1.jpg?v=1727900567&width=1001"
"25","tasc_Tchoup_header-mobile.jpg","2","/pages/tchoup-industries-x-tasc-collaboration | /collections/tchoup-industries-x-tasc","Hero banner","Sewing a Tchoup Industries x tasc bag from repurposed materials","Tchoup Industries x tasc","Hands sewing a Tchoup Industries x tasc bag at a workbench","No","1) Developer, one time: update the theme snippet called ""lazypicture"" so it shows image descriptions (recommendation D2). 2) Content: in Shopify admin go to Content > Files, search for the file name, open it, paste the recommended alt text into ""Alt text"" and save.","","https://www.tascperformance.com/cdn/shop/files/tasc_Tchoup_header-mobile.jpg?v=1757444695&width=768"
"26","(no image file)","1","/blogs/news/essential-features-to-look-for-in-mens-running-outfits-for-enhanced-functionality","Blog post body","(leave empty: alt="""")","","","Yes","Content only: open this blog post in Shopify (Online Store > Blog posts), find the empty image block and delete it.","Empty image tag in the post body (no image file). Delete it in the blog editor.",""
"27","03_24_W_BestSellers_Collection_Desktop_1.jpg","1","/collections/womens-best-sellers","Collection banner","Woman on the beach in a blue tasc long sleeve top, one of our women's best sellers","women's best selling activewear","Woman in a blue long sleeve top holding a volleyball on the beach","No","1) Developer, one time: update the theme snippet called ""lazypicture"" so it shows image descriptions (recommendation D2). 2) Content: in Shopify admin go to Content > Files, search for the file name, open it, paste the recommended alt text into ""Alt text"" and save.","Women's Best Sellers banner (desktop).","https://www.tascperformance.com/cdn/shop/files/03_24_W_BestSellers_Collection_Desktop_1.jpg?v=1774534600&width=1920"
"28","03_24_W_BestSellers_Collection_Mobile.jpg","1","/collections/womens-best-sellers","Collection banner","Woman on the beach in a blue tasc long sleeve top, one of our women's best sellers","women's best selling activewear","Woman in a blue long sleeve top holding a volleyball on the beach","No","1) Developer, one time: update the theme snippet called ""lazypicture"" so it shows image descriptions (recommendation D2). 2) Content: in Shopify admin go to Content > Files, search for the file name, open it, paste the recommended alt text into ""Alt text"" and save.","Women's Best Sellers banner (mobile).","https://www.tascperformance.com/cdn/shop/files/03_24_W_BestSellers_Collection_Mobile.jpg?v=1774534589&width=1920"
"29","03_24_W_Bottoms_Collection_Desktop.jpg","1","/collections/womens-bottoms","Collection banner","Woman on the beach in navy tasc running shorts from our women's bottoms","women's bottoms","Woman in navy running shorts on the beach","No","1) Developer, one time: update the theme snippet called ""lazypicture"" so it shows image descriptions (recommendation D2). 2) Content: in Shopify admin go to Content > Files, search for the file name, open it, paste the recommended alt text into ""Alt text"" and save.","Women's Bottoms banner (desktop).","https://www.tascperformance.com/cdn/shop/files/03_24_W_Bottoms_Collection_Desktop.jpg?v=1774534816&width=1920"
"30","03_24_W_Bottoms_Collection_Mobile.jpg","1","/collections/womens-bottoms","Collection banner","Woman on the beach in navy tasc running shorts from our women's bottoms","women's bottoms","Woman in navy running shorts on the beach","No","1) Developer, one time: update the theme snippet called ""lazypicture"" so it shows image descriptions (recommendation D2). 2) Content: in Shopify admin go to Content > Files, search for the file name, open it, paste the recommended alt text into ""Alt text"" and save.","Women's Bottoms banner (mobile).","https://www.tascperformance.com/cdn/shop/files/03_24_W_Bottoms_Collection_Mobile.jpg?v=1774534807&width=1920"
"31","03_24_W_Clothing_Collection_Desktop_09ca580b-adf4-4339-8984-ea78ed340866.jpg","1","/collections/womens","Collection banner","Woman in a white tasc tee with a sweater over her shoulders, women's fitness clothing","women's fitness clothing","Woman in a white tee with a sweater over her shoulders walking past a hedge","No","1) Developer, one time: update the theme snippet called ""lazypicture"" so it shows image descriptions (recommendation D2). 2) Content: in Shopify admin go to Content > Files, search for the file name, open it, paste the recommended alt text into ""Alt text"" and save.","Women's banner (desktop).","https://www.tascperformance.com/cdn/shop/files/03_24_W_Clothing_Collection_Desktop_09ca580b-adf4-4339-8984-ea78ed340866.jpg?v=1774535367&width=1920"
"32","03_24_W_Clothing_Collection_Mobile.jpg","1","/collections/womens","Collection banner","Woman in a white tasc tee with a sweater over her shoulders, women's fitness clothing","women's fitness clothing","Woman in a white tee with a sweater over her shoulders walking past a hedge","No","1) Developer, one time: update the theme snippet called ""lazypicture"" so it shows image descriptions (recommendation D2). 2) Content: in Shopify admin go to Content > Files, search for the file name, open it, paste the recommended alt text into ""Alt text"" and save.","Women's banner (mobile).","https://www.tascperformance.com/cdn/shop/files/03_24_W_Clothing_Collection_Mobile.jpg?v=1774534884&width=1920"
"33","03_24_W_Tops_Collection_Desktop.jpg","1","/collections/womens-tops","Collection banner","Woman by the ocean in a white tasc bamboo T-shirt from our women's tops","women's bamboo shirts","Woman in a white T-shirt standing by the ocean","No","1) Developer, one time: update the theme snippet called ""lazypicture"" so it shows image descriptions (recommendation D2). 2) Content: in Shopify admin go to Content > Files, search for the file name, open it, paste the recommended alt text into ""Alt text"" and save.","Women's Tops banner (desktop).","https://www.tascperformance.com/cdn/shop/files/03_24_W_Tops_Collection_Desktop.jpg?v=1774535619&width=1920"
"34","03_24_W_Tops_Collection_Mobile.jpg","1","/collections/womens-tops","Collection banner","Woman by the ocean in a white tasc bamboo T-shirt from our women's tops","women's bamboo shirts","Woman in a white T-shirt standing by the ocean","No","1) Developer, one time: update the theme snippet called ""lazypicture"" so it shows image descriptions (recommendation D2). 2) Content: in Shopify admin go to Content > Files, search for the file name, open it, paste the recommended alt text into ""Alt text"" and save.","Women's Tops banner (mobile).","https://www.tascperformance.com/cdn/shop/files/03_24_W_Tops_Collection_Mobile.jpg?v=1774535610&width=1920"
"35","05_12_Collegiate_Collection_Desktop_cd244845-e5fa-4c14-b592-df84a6a1b8fd.jpg","1","/collections/the-collegiate-shop","Collection banner","tasc collegiate polos and tees with embroidered school logos","collegiate apparel with embroidered school logos","tasc collegiate polos and tees with university logos","No","1) Developer, one time: update the theme snippet called ""lazypicture"" so it shows image descriptions (recommendation D2). 2) Content: in Shopify admin go to Content > Files, search for the file name, open it, paste the recommended alt text into ""Alt text"" and save.","Collegiate Shop banner (desktop).","https://www.tascperformance.com/cdn/shop/files/05_12_Collegiate_Collection_Desktop_cd244845-e5fa-4c14-b592-df84a6a1b8fd.jpg?v=1778678934&width=1920"
"36","05_12_Collegiate_Collection_Mobile_copy.jpg","1","/collections/the-collegiate-shop","Collection banner","tasc collegiate polos and tees with embroidered school logos","collegiate apparel with embroidered school logos","tasc collegiate polos and tees with university logos","No","1) Developer, one time: update the theme snippet called ""lazypicture"" so it shows image descriptions (recommendation D2). 2) Content: in Shopify admin go to Content > Files, search for the file name, open it, paste the recommended alt text into ""Alt text"" and save.","Collegiate Shop banner (mobile).","https://www.tascperformance.com/cdn/shop/files/05_12_Collegiate_Collection_Mobile_copy.jpg?v=1778678832&width=1920"
"37","051826_Web_Asset_Alex_Smalley_desktop_hero_e0f0c7fd-90ef-4aa3-94bf-f6be0611ad2d.jpg","1","/collections/mens-golf-apparel","Collection banner","PGA Tour pro Alex Smalley mid-swing in tasc men's golf clothing from the Clubhouse Collection","men's golf clothing","Pro golfer Alex Smalley mid-swing in tasc golf apparel","No","1) Developer, one time: update the theme snippet called ""lazypicture"" so it shows image descriptions (recommendation D2). 2) Content: in Shopify admin go to Content > Files, search for the file name, open it, paste the recommended alt text into ""Alt text"" and save.","Men's Golf banner (desktop). Name confirmed by the collection copy.","https://www.tascperformance.com/cdn/shop/files/051826_Web_Asset_Alex_Smalley_desktop_hero_e0f0c7fd-90ef-4aa3-94bf-f6be0611ad2d.jpg?v=1779144256&width=1920"
"38","051826_Web_Asset_Alex_Smalley_mobile_hero.jpg","1","/collections/mens-golf-apparel","Collection banner","PGA Tour pro Alex Smalley mid-swing in tasc men's golf clothing from the Clubhouse Collection","men's golf clothing","Pro golfer Alex Smalley mid-swing in tasc golf apparel","No","1) Developer, one time: update the theme snippet called ""lazypicture"" so it shows image descriptions (recommendation D2). 2) Content: in Shopify admin go to Content > Files, search for the file name, open it, paste the recommended alt text into ""Alt text"" and save.","Men's Golf banner (mobile).","https://www.tascperformance.com/cdn/shop/files/051826_Web_Asset_Alex_Smalley_mobile_hero.jpg?v=1779144115&width=1920"
"39","06_03_25_Collection_Mobile_1.jpg","1","/pages/cloud-polo-bestseller","Hero banner","Man in a royal blue tasc Cloud Polo, the softest polo on the market","Cloud Polo","Man in a royal blue Cloud Polo against a blue sky","No","1) Developer, one time: update the theme snippet called ""lazypicture"" so it shows image descriptions (recommendation D2). 2) Content: in Shopify admin go to Content > Files, search for the file name, open it, paste the recommended alt text into ""Alt text"" and save.","","https://www.tascperformance.com/cdn/shop/files/06_03_25_Collection_Mobile_1.jpg?v=1748891539&width=768"
"40","061a09fe44db48a6a3c6c468d83c1a2f.thumbnail.0000000000_small.jpg","1","/pages/mens-motion-golf-short-bestseller-v2","Hero video poster","Golfer in a blue polo and tasc Motion Shorts on the course (video)","Motion Short","Golfer in a blue polo and Motion Golf Shorts on the course (video)","No","1) Developer, one time: update the page's top banner (hero) section so it shows the video's description (recommendation D2). 2) Content: in Content > Files, open the video used in that page's top banner, paste the recommended alt text into ""Alt text"" and save.","Video poster image.","https://www.tascperformance.com/cdn/shop/files/preview_images/061a09fe44db48a6a3c6c468d83c1a2f.thumbnail.0000000000_small.jpg?v=1715105490"
"41","0624_SiteAssets_UPF50_LandingPage_Tile1.jpg","1","/pages/upf-sun-protective-clothing-faq","FAQ image","Man in a cream tasc UPF 50+ quarter-zip, sun protective clothing for everyday","UPF sun protective clothing","Man in a cream UPF quarter-zip walking past parked bikes","No","1) Developer, one time: update the theme snippet called ""lazypicture"" so it shows image descriptions (recommendation D2). 2) Content: in Shopify admin go to Content > Files, search for the file name, open it, paste the recommended alt text into ""Alt text"" and save.","","https://www.tascperformance.com/cdn/shop/files/0624_SiteAssets_UPF50_LandingPage_Tile1.jpg?v=1718811956&width=1920"
"42","0624_SiteAssets_UPF50_LandingPage_Tile2_1.jpg","1","/pages/upf-sun-protective-clothing-faq","FAQ image","Woman golfer in a mint tasc UPF 50+ quarter-zip and white skirt","UPF sun protective clothing","Woman golfer in a mint UPF quarter-zip and white skirt","No","1) Developer, one time: update the theme snippet called ""lazypicture"" so it shows image descriptions (recommendation D2). 2) Content: in Shopify admin go to Content > Files, search for the file name, open it, paste the recommended alt text into ""Alt text"" and save.","","https://www.tascperformance.com/cdn/shop/files/0624_SiteAssets_UPF50_LandingPage_Tile2_1.jpg?v=1718811742&width=1920"
"43","0624_SiteAssets_UPF50_LandingPage_Tile3.jpg","1","/pages/upf-sun-protective-clothing-faq","FAQ image","Man sailing in a tasc UPF 50+ long sleeve sun protective shirt","UPF sun protective clothing","Man in a UPF long sleeve top steering a sailboat","No","1) Developer, one time: update the theme snippet called ""lazypicture"" so it shows image descriptions (recommendation D2). 2) Content: in Shopify admin go to Content > Files, search for the file name, open it, paste the recommended alt text into ""Alt text"" and save.","","https://www.tascperformance.com/cdn/shop/files/0624_SiteAssets_UPF50_LandingPage_Tile3.jpg?v=1718811515&width=1920"
"44","0624_SiteAssets_UPF50_LandingPage_Tile4.jpg","1","/pages/upf-sun-protective-clothing-faq","FAQ image","Woman on a boat in a navy tasc tank and wide-leg pants, UPF sun protective clothing","UPF sun protective clothing","Woman in a navy tank and wide-leg pants sitting on a boat","No","1) Developer, one time: update the theme snippet called ""lazypicture"" so it shows image descriptions (recommendation D2). 2) Content: in Shopify admin go to Content > Files, search for the file name, open it, paste the recommended alt text into ""Alt text"" and save.","","https://www.tascperformance.com/cdn/shop/files/0624_SiteAssets_UPF50_LandingPage_Tile4.jpg?v=1718811620&width=1920"
"45","0625_Liveintent-Summer-Ready-Coll-Banner-V3.jpg","1","/collections/sustainable-styles","Collection banner","Couple walking their dog in tasc UPF 50+ sustainable activewear","UPF 50+ sustainable styles","Couple in tasc summer activewear with their dog on a garden path","No","1) Developer, one time: update the theme snippet called ""lazypicture"" so it shows image descriptions (recommendation D2). 2) Content: in Shopify admin go to Content > Files, search for the file name, open it, paste the recommended alt text into ""Alt text"" and save.","Sustainable Styles banner.","https://www.tascperformance.com/cdn/shop/files/0625_Liveintent-Summer-Ready-Coll-Banner-V3.jpg?v=1749742523&width=1920"
"46","068e97dde3194325a849cf4f2bf7c02a.thumbnail.0000000000_small.jpg","1","/pages/mens-motion-golf-short-bestseller-v2","Hero video poster","Golfer walking the course in tasc Motion Shorts (video)","Motion Short","Golfer walking the course in Motion Golf Shorts (video)","No","1) Developer, one time: update the page's top banner (hero) section so it shows the video's description (recommendation D2). 2) Content: in Content > Files, open the video used in that page's top banner, paste the recommended alt text into ""Alt text"" and save.","Video poster image.","https://www.tascperformance.com/cdn/shop/files/preview_images/068e97dde3194325a849cf4f2bf7c02a.thumbnail.0000000000_small.jpg?v=1715105610"
"47","0822d36d4f4747728f693c9ba3bc16ed.thumbnail.0000000000_small.jpg","1","/products/motion-travel-7in-short","Product video poster","Man in a navy tee wearing the tasc Motion 7in Short in Mid-Khaki (video)","Motion 7in Short","Man in a navy tee and Motion Travel 7-inch Shorts (video)","No","Content only: in Shopify admin go to Products, open the product listed, click the video in the Media section, choose ""Add alt text"", paste the recommended text and save.","Product video poster.","https://www.tascperformance.com/cdn/shop/files/preview_images/0822d36d4f4747728f693c9ba3bc16ed.thumbnail.0000000000_small.jpg?v=1713985807"
"48","1000x1000_blocks_34.png","1","/","Feature section","Man carrying golf clubs in a light blue polo from the tasc Clubhouse Collection","Clubhouse Collection","Man in a light blue polo and khakis carrying a golf bag","No","1) Developer, one time: update the theme snippet called ""responsive-image-wrapper"" so it shows image descriptions (recommendation D2). 2) Content: in Shopify admin go to Content > Files, search for the file name, open it, paste the recommended alt text into ""Alt text"" and save.","Homepage tile.","https://www.tascperformance.com/cdn/shop/files/1000x1000_blocks_34.png?v=1773772811&width=1000"
"49","1000x1000_blocks_40.png","1","/","Feature section","Man relaxing on a bench in a light blue tasc UPF 50+ T-shirt","UPF 50+ essentials","Man in a light blue T-shirt relaxing on a bench","No","1) Developer, one time: update the theme snippet called ""responsive-image-wrapper"" so it shows image descriptions (recommendation D2). 2) Content: in Shopify admin go to Content > Files, search for the file name, open it, paste the recommended alt text into ""Alt text"" and save.","Homepage tile.","https://www.tascperformance.com/cdn/shop/files/1000x1000_blocks_40.png?v=1783453850&width=1000"
"50","1000x1000_blocks_42.png","1","/","Feature section","Man in a pale green tasc T-shirt, one of our men's best sellers","men's best sellers","Man in a pale green T-shirt with sunglasses on the collar","No","1) Developer, one time: update the theme snippet called ""responsive-image-wrapper"" so it shows image descriptions (recommendation D2). 2) Content: in Shopify admin go to Content > Files, search for the file name, open it, paste the recommended alt text into ""Alt text"" and save.","Homepage tile.","https://www.tascperformance.com/cdn/shop/files/1000x1000_blocks_42.png?v=1783701303&width=1000"
"51","1000x1000_blocks_43.png","1","/","Feature section","Woman in a light blue tasc tank top, one of our women's best sellers","women's best sellers","Woman in a light blue tank top","No","1) Developer, one time: update the theme snippet called ""responsive-image-wrapper"" so it shows image descriptions (recommendation D2). 2) Content: in Shopify admin go to Content > Files, search for the file name, open it, paste the recommended alt text into ""Alt text"" and save.","Homepage tile.","https://www.tascperformance.com/cdn/shop/files/1000x1000_blocks_43.png?v=1783701451&width=1000"
"52","1000x380-2-EV.jpg","1","/collections/expertvoice-flash-deal","Collection banner","Man and woman walking outdoors in tasc long sleeve tops, ExpertVoice flash deal","ExpertVoice flash deal","Man in a mint long sleeve and woman in a purple long sleeve walking outdoors","No","1) Developer, one time: update the theme snippet called ""lazypicture"" so it shows image descriptions (recommendation D2). 2) Content: in Shopify admin go to Content > Files, search for the file name, open it, paste the recommended alt text into ""Alt text"" and save.","ExpertVoice banner (mobile).","https://www.tascperformance.com/cdn/shop/files/1000x380-2-EV.jpg?v=1775747765&width=1920"
"53","1000X380-MENSFEAT.png","1","/collections/all-mens-clothing","Collection banner","Father, son and grandfather riding bikes in tasc men's clothing","men's clothing","Father, son and grandfather riding bikes under live oaks","No","1) Developer, one time: update the theme snippet called ""lazypicture"" so it shows image descriptions (recommendation D2). 2) Content: in Shopify admin go to Content > Files, search for the file name, open it, paste the recommended alt text into ""Alt text"" and save.","All Men's banner (mobile).","https://www.tascperformance.com/cdn/shop/files/1000X380-MENSFEAT.png?v=1789577276&width=1920"
"54","12_26_DealsforDays_Sale_Collection_Desktop_1.jpg","1","/collections/deals-for-days","Collection banner","(leave empty: alt="""")","","","Yes","1) Developer, one time: the ""lazypicture"" snippet update (recommendation D2) covers this image too. 2) Content: nothing to enter. Leave ""Alt text"" empty on purpose; this image is decorative.","Plain paper texture banner (desktop).","https://www.tascperformance.com/cdn/shop/files/12_26_DealsforDays_Sale_Collection_Desktop_1.jpg?v=1766417455&width=1920"
"55","12_26_DealsforDays_Sale_Collection_Mobile_1.jpg","1","/collections/deals-for-days","Collection banner","(leave empty: alt="""")","","","Yes","1) Developer, one time: the ""lazypicture"" snippet update (recommendation D2) covers this image too. 2) Content: nothing to enter. Leave ""Alt text"" empty on purpose; this image is decorative.","Plain paper texture banner (mobile).","https://www.tascperformance.com/cdn/shop/files/12_26_DealsforDays_Sale_Collection_Mobile_1.jpg?v=1766417456&width=1920"
"56","12.30-CollectionBanner-GiftShop-1000x380.jpg","1","/collections/the-gift-shop","Collection banner","Stack of folded tasc polos and button-downs from The Gift Shop","gift shop","Stack of folded tasc polos and button-down shirts","No","1) Developer, one time: update the theme snippet called ""lazypicture"" so it shows image descriptions (recommendation D2). 2) Content: in Shopify admin go to Content > Files, search for the file name, open it, paste the recommended alt text into ""Alt text"" and save.","Gift Shop banner (mobile).","https://www.tascperformance.com/cdn/shop/files/12.30-CollectionBanner-GiftShop-1000x380.jpg?v=1767113701&width=1920"
"57","12.30-CollectionBanner-GiftShop-2000x500.jpg","1","/collections/the-gift-shop","Collection banner","Stack of folded tasc polos and button-downs from The Gift Shop","gift shop","Stack of folded tasc polos and button-down shirts","No","1) Developer, one time: update the theme snippet called ""lazypicture"" so it shows image descriptions (recommendation D2). 2) Content: in Shopify admin go to Content > Files, search for the file name, open it, paste the recommended alt text into ""Alt text"" and save.","Gift Shop banner (desktop).","https://www.tascperformance.com/cdn/shop/files/12.30-CollectionBanner-GiftShop-2000x500.jpg?v=1767113701&width=1920"
"58","1345dce0a49245c5a7e5704f87b99f5b.thumbnail.0000000000_small.jpg","1","/","Hero video poster","Woman riding a bike in a white tasc T-shirt, all day apparel made to be lived in (video)","activewear and athletic clothing","Woman in a white T-shirt riding a bike (video)","No","1) Developer, one time: update the page's top banner (hero) section so it shows the video's description (recommendation D2). 2) Content: in Content > Files, open the video used in that page's top banner, paste the recommended alt text into ""Alt text"" and save.","Homepage video poster.","https://www.tascperformance.com/cdn/shop/files/preview_images/1345dce0a49245c5a7e5704f87b99f5b.thumbnail.0000000000_small.jpg?v=1773855498"
"59","2000x380.png","1","/collections/new-womens","Collection banner","Woman in a garden in a brown tasc long sleeve top from women's new arrivals","women's new arrivals","Woman in a brown long sleeve top in a flower garden","No","1) Developer, one time: update the theme snippet called ""lazypicture"" so it shows image descriptions (recommendation D2). 2) Content: in Shopify admin go to Content > Files, search for the file name, open it, paste the recommended alt text into ""Alt text"" and save.","New Women's banner (mobile).","https://www.tascperformance.com/cdn/shop/files/2000x380.png?v=1789569706&width=1920"
"60","2000x500_26538c61-7078-4014-99ff-0cf2f8179811.jpg","1","/collections/expertvoice-flash-deal","Collection banner","Man and woman walking outdoors in tasc long sleeve tops, ExpertVoice flash deal","ExpertVoice flash deal","Man in a mint long sleeve and woman in a purple long sleeve walking outdoors","No","1) Developer, one time: update the theme snippet called ""lazypicture"" so it shows image descriptions (recommendation D2). 2) Content: in Shopify admin go to Content > Files, search for the file name, open it, paste the recommended alt text into ""Alt text"" and save.","ExpertVoice banner (desktop).","https://www.tascperformance.com/cdn/shop/files/2000x500_26538c61-7078-4014-99ff-0cf2f8179811.jpg?v=1775747540&width=1920"
"61","2000x500--replace.png","1","/collections/all-mens-clothing","Collection banner","Father, son and grandfather riding bikes in tasc men's clothing","men's clothing","Father, son and grandfather riding bikes under live oaks","No","1) Developer, one time: update the theme snippet called ""lazypicture"" so it shows image descriptions (recommendation D2). 2) Content: in Shopify admin go to Content > Files, search for the file name, open it, paste the recommended alt text into ""Alt text"" and save.","All Men's banner (desktop).","https://www.tascperformance.com/cdn/shop/files/2000x500--replace.png?v=1789577472&width=1920"
"62","2000x700-womensnew.png","1","/collections/new-womens","Collection banner","Woman in a garden in a brown tasc long sleeve top from women's new arrivals","women's new arrivals","Woman in a brown long sleeve top in a flower garden","No","1) Developer, one time: update the theme snippet called ""lazypicture"" so it shows image descriptions (recommendation D2). 2) Content: in Shopify admin go to Content > Files, search for the file name, open it, paste the recommended alt text into ""Alt text"" and save.","New Women's banner (desktop).","https://www.tascperformance.com/cdn/shop/files/2000x700-womensnew.png?v=1789569660&width=1920"
"63","240712_FW24_Lifestyle_Shot_11_1859_copy_2.jpg","1","/collections/sculptive-collection","Collection banner","Woman in a plum tasc Sculptive tank and leggings made with REPREVE recycled fabric","Sculptive Collection","Woman in a plum Sculptive tank and leggings among palm leaves","No","1) Developer, one time: update the theme snippet called ""lazypicture"" so it shows image descriptions (recommendation D2). 2) Content: in Shopify admin go to Content > Files, search for the file name, open it, paste the recommended alt text into ""Alt text"" and save.","Sculptive banner (mobile).","https://www.tascperformance.com/cdn/shop/files/240712_FW24_Lifestyle_Shot_11_1859_copy_2.jpg?v=1725983996&width=1920"
"64","240712_FW24_Lifestyle_Shot_11_1859_copy_28cdf543-a6c3-4757-a4c7-ce4216dba873.jpg","1","/collections/sculptive-collection","Collection banner","Woman in a plum tasc Sculptive tank and leggings made with REPREVE recycled fabric","Sculptive Collection","Woman in a plum Sculptive tank and leggings among palm leaves","No","1) Developer, one time: update the theme snippet called ""lazypicture"" so it shows image descriptions (recommendation D2). 2) Content: in Shopify admin go to Content > Files, search for the file name, open it, paste the recommended alt text into ""Alt text"" and save.","Sculptive banner (desktop).","https://www.tascperformance.com/cdn/shop/files/240712_FW24_Lifestyle_Shot_11_1859_copy_28cdf543-a6c3-4757-a4c7-ce4216dba873.jpg?v=1725984041&width=1920"
"65","2Lengths_Mobile-100_3.jpg","1","/pages/mens-motion-golf-short-bestseller-v2","Feature block","tasc Motion Short in 7in and 9in inseams side by side","Motion Short lengths","Motion Golf Shorts in 7-inch and 9-inch lengths side by side","No","1) Developer, one time: update the theme snippet called ""responsive-image-wrapper"" so it shows image descriptions (recommendation D2). 2) Content: in Shopify admin go to Content > Files, search for the file name, open it, paste the recommended alt text into ""Alt text"" and save.","Mobile.","https://www.tascperformance.com/cdn/shop/files/2Lengths_Mobile-100_3.jpg?v=1711598004&width=1000"
"66","2Lengths-100_3.jpg","1","/pages/mens-motion-golf-short-bestseller-v2","Feature block","tasc Motion Short in 7in and 9in inseams side by side","Motion Short lengths","Motion Golf Shorts in 7-inch and 9-inch lengths side by side","No","1) Developer, one time: update the theme snippet called ""responsive-image-wrapper"" so it shows image descriptions (recommendation D2). 2) Content: in Shopify admin go to Content > Files, search for the file name, open it, paste the recommended alt text into ""Alt text"" and save.","Desktop.","https://www.tascperformance.com/cdn/shop/files/2Lengths-100_3.jpg?v=1711598022&width=1350"
"67","32e4e4abf02544728eb07f07a0f8864e.thumbnail.0000000000_small.jpg","1","/products/motion-travel-9in-short","Product video poster","Man addressing a golf ball in the tasc Motion 9in Short in Granite (video)","Motion 9in Short","Man in a navy polo and Motion Travel 9-inch Shorts addressing a golf ball (video)","No","Content only: in Shopify admin go to Products, open the product listed, click the video in the Media section, choose ""Add alt text"", paste the recommended text and save.","Product video poster.","https://www.tascperformance.com/cdn/shop/files/preview_images/32e4e4abf02544728eb07f07a0f8864e.thumbnail.0000000000_small.jpg?v=1713985918"
"68","3bc2fbf252204498b346ef5ad57ff058.thumbnail.0000000000_small.jpg","1","/pages/motion-pant-bestseller","Hero video poster","Man in a light blue polo and tasc Motion Pants (video)","Motion Pant","Man in a light blue polo and Motion Pants (video)","No","1) Developer, one time: update the page's top banner (hero) section so it shows the video's description (recommendation D2). 2) Content: in Content > Files, open the video used in that page's top banner, paste the recommended alt text into ""Alt text"" and save.","Video poster image.","https://www.tascperformance.com/cdn/shop/files/preview_images/3bc2fbf252204498b346ef5ad57ff058.thumbnail.0000000000_small.jpg?v=1721776363"
"69","49ef7c8420a743278cc0dc26537f7537.thumbnail.0000000000_small.jpg","1","/pages/carrollton-fitness-tshirt-bestseller","Hero video poster","Man in a navy tasc Carrollton Fitness T-shirt (video)","Carrollton Fitness T-shirt","Close-up of a man in a navy Carrollton T-shirt (video)","No","1) Developer, one time: update the page's top banner (hero) section so it shows the video's description (recommendation D2). 2) Content: in Content > Files, open the video used in that page's top banner, paste the recommended alt text into ""Alt text"" and save.","Video poster image.","https://www.tascperformance.com/cdn/shop/files/preview_images/49ef7c8420a743278cc0dc26537f7537.thumbnail.0000000000_small.jpg?v=1718070780"
"70","5Reasons_Mobile-100_1.jpg","1","/pages/mens-motion-golf-short-bestseller-v2","Feature block","Why the tasc Motion Short is a best seller: zip side pocket, back welt pockets, 2-way stretch, water resistant, bamboo fabric","Motion Short features","The bestselling Motion Short: front pockets with secure side zipper pocket, back welt pockets, 2-way stretch, water resistant, 7 in and 9 in lengths, breathable bamboo viscose fabric","No","1) Developer, one time: update the theme snippet called ""responsive-image-wrapper"" so it shows image descriptions (recommendation D2). 2) Content: in Shopify admin go to Content > Files, search for the file name, open it, paste the recommended alt text into ""Alt text"" and save.","Graphic with text: the description repeats it. Mobile.","https://www.tascperformance.com/cdn/shop/files/5Reasons_Mobile-100_1.jpg?v=1710528671&width=1000"
"71","5Reasons-100_1.jpg","1","/pages/mens-motion-golf-short-bestseller-v2","Feature block","Why the tasc Motion Short is a best seller: zip side pocket, back welt pockets, 2-way stretch, water resistant, bamboo fabric","Motion Short features","The bestselling Motion Short: front pockets with secure side zipper pocket, back welt pockets, 2-way stretch, water resistant, 7 in and 9 in lengths, breathable bamboo viscose fabric","No","1) Developer, one time: update the theme snippet called ""responsive-image-wrapper"" so it shows image descriptions (recommendation D2). 2) Content: in Shopify admin go to Content > Files, search for the file name, open it, paste the recommended alt text into ""Alt text"" and save.","Graphic with text. Desktop.","https://www.tascperformance.com/cdn/shop/files/5Reasons-100_1.jpg?v=1710528683&width=1350"
"72","77c3e5d5c7d243ecbea2956136616fb7.thumbnail.0000000000_small.jpg","1","/","Hero video poster","Woman riding a bike in a white tasc T-shirt, all day apparel made to be lived in (video)","activewear and athletic clothing","Woman in a white T-shirt riding a bike (video)","No","1) Developer, one time: update the page's top banner (hero) section so it shows the video's description (recommendation D2). 2) Content: in Content > Files, open the video used in that page's top banner, paste the recommended alt text into ""Alt text"" and save.","Homepage video poster.","https://www.tascperformance.com/cdn/shop/files/preview_images/77c3e5d5c7d243ecbea2956136616fb7.thumbnail.0000000000_small.jpg?v=1773853601"
"73","95b1fed4089d4ef08271e66e99f8abe0.thumbnail.0000000000_small.jpg","1","/products/motion-7in-short-3","Product video poster","Man in a navy polo wearing the tasc Motion 7in Short in Glacier Gray (video)","Motion 7in Short","Man in a navy polo and Motion 7-inch Shorts (video)","No","Content only: in Shopify admin go to Products, open the product listed, click the video in the Media section, choose ""Add alt text"", paste the recommended text and save.","Product video poster.","https://www.tascperformance.com/cdn/shop/files/preview_images/95b1fed4089d4ef08271e66e99f8abe0.thumbnail.0000000000_small.jpg?v=1722442588"
"74","a2a592b0a7fc4ef09371b06d36971a6e.thumbnail.0000000000_small.jpg","1","/products/motion-7in-short-4","Product video poster","Man in a navy polo wearing the tasc Motion 7in Short in Classic Navy (video)","Motion 7in Short","Man in a navy polo and Motion 7-inch Shorts (video)","No","Content only: in Shopify admin go to Products, open the product listed, click the video in the Media section, choose ""Add alt text"", paste the recommended text and save.","Product video poster.","https://www.tascperformance.com/cdn/shop/files/preview_images/a2a592b0a7fc4ef09371b06d36971a6e.thumbnail.0000000000_small.jpg?v=1722445892"
"75","ae0f6ddd95be45b99813b5ad8a841006.thumbnail.0000000000_small.jpg","1","/pages/carrollton-fitness-tshirt-bestseller","Hero video poster","Close-up of a man in a navy tasc Carrollton Fitness T-shirt (video)","Carrollton Fitness T-shirt","Close-up of a man in a navy Carrollton T-shirt (video)","No","1) Developer, one time: update the page's top banner (hero) section so it shows the video's description (recommendation D2). 2) Content: in Content > Files, open the video used in that page's top banner, paste the recommended alt text into ""Alt text"" and save.","Video poster image.","https://www.tascperformance.com/cdn/shop/files/preview_images/ae0f6ddd95be45b99813b5ad8a841006.thumbnail.0000000000_small.jpg?v=1718070890"
"76","AlexSmalleyphoto.png","1","/pages/ambassadors","Feature block","PGA Tour pro and tasc ambassador Alex Smalley finishing a drive","tasc ambassadors","Pro golfer Alex Smalley finishing a drive","No","1) Developer, one time: update the theme snippet called ""responsive-image-wrapper"" so it shows image descriptions (recommendation D2). 2) Content: in Shopify admin go to Content > Files, search for the file name, open it, paste the recommended alt text into ""Alt text"" and save.","Name confirmed by the Ambassadors page copy.","https://www.tascperformance.com/cdn/shop/files/AlexSmalleyphoto.png?v=1745357323&width=1000"
"77","Ambassador_Page-HeaderMobile_V3-No-Button.jpg","1","/pages/ambassadors","Hero banner","Meet our #tascTeam ambassadors: a community of leaders in the pursuit of better","tasc ambassadors","Meet our #tascTeam ambassadors: a community of leaders in the pursuit of better","No","1) Developer, one time: update the theme snippet called ""lazypicture"" so it shows image descriptions (recommendation D2). 2) Content: in Shopify admin go to Content > Files, search for the file name, open it, paste the recommended alt text into ""Alt text"" and save.","Graphic with text: the description repeats it.","https://www.tascperformance.com/cdn/shop/files/Ambassador_Page-HeaderMobile_V3-No-Button.jpg?v=1717619759&width=768"
"78","Banner1-1000x300_2_1804c8e7-6b9a-4fd6-85ec-6bc2465a9d48.jpg","1","/collections/french-terry-essentials","Collection banner","Close-up of a tasc French Terry Essentials quarter-zip collar","French Terry Essentials","Close-up of a heather blue French terry quarter-zip collar","No","1) Developer, one time: update the theme snippet called ""lazypicture"" so it shows image descriptions (recommendation D2). 2) Content: in Shopify admin go to Content > Files, search for the file name, open it, paste the recommended alt text into ""Alt text"" and save.","","https://www.tascperformance.com/cdn/shop/files/Banner1-1000x300_2_1804c8e7-6b9a-4fd6-85ec-6bc2465a9d48.jpg?v=1769208665&width=1920"
"79","BESTSELLERSBANNER-BANNER.jpg","1","/collections/mens-best-sellers","Collection banner","Two men on outdoor steps in tasc hoodies, men's best sellers","men's best sellers","Two men in tasc hoodies sitting on outdoor steps","No","1) Developer, one time: update the theme snippet called ""lazypicture"" so it shows image descriptions (recommendation D2). 2) Content: in Shopify admin go to Content > Files, search for the file name, open it, paste the recommended alt text into ""Alt text"" and save.","Men's Best Sellers banner (desktop).","https://www.tascperformance.com/cdn/shop/files/BESTSELLERSBANNER-BANNER.jpg?v=1789577852&width=1920"
"80","BESTSELLERSBANNER-MOBILE.jpg","1","/collections/mens-best-sellers","Collection banner","Two men on outdoor steps in tasc hoodies, men's best sellers","men's best sellers","Two men in tasc hoodies sitting on outdoor steps","No","1) Developer, one time: update the theme snippet called ""lazypicture"" so it shows image descriptions (recommendation D2). 2) Content: in Shopify admin go to Content > Files, search for the file name, open it, paste the recommended alt text into ""Alt text"" and save.","Men's Best Sellers banner (mobile).","https://www.tascperformance.com/cdn/shop/files/BESTSELLERSBANNER-MOBILE.jpg?v=1789577714&width=1920"
"81","BlogsBanner_fab6616a-bbab-47e7-b003-dcb114371eec.jpg","1","/blogs/news","Page banner","Man and woman in casual tasc layers on a pickleball court","tasc Life blog","Man and woman in casual tasc layers on a pickleball court","No","1) Developer, one time: update the theme snippet called ""responsive-image-wrapper"" so it shows image descriptions (recommendation D2). 2) Content: in Shopify admin go to Content > Files, search for the file name, open it, paste the recommended alt text into ""Alt text"" and save.","Blog homepage banner.","https://www.tascperformance.com/cdn/shop/files/BlogsBanner_fab6616a-bbab-47e7-b003-dcb114371eec.jpg?v=1664466143&width=2000"
"82","Carrollton-Collection-LP-UpdateFactory-V1.jpg","1","/pages/carrollton-fitness-tshirt-bestseller","Feature block","Inspecting fabric on the cutting table where tasc apparel is made","Carrollton Collection story","Team inspecting fabric on a cutting table at the factory","No","1) Developer, one time: update the theme snippet called ""responsive-image-wrapper"" so it shows image descriptions (recommendation D2). 2) Content: in Shopify admin go to Content > Files, search for the file name, open it, paste the recommended alt text into ""Alt text"" and save.","","https://www.tascperformance.com/cdn/shop/files/Carrollton-Collection-LP-UpdateFactory-V1.jpg?v=1727901610&width=901"
"83","CarrolltonD1Swirl-DesktopBanner-2000x500_2_copy.jpg","1","/collections/mens-tops","Collection banner","Carrollton bamboo T-shirts in heather colors, men's tops from tasc","men's tops","Carrollton T-shirts in heather tones laid together, showing the tasc logo","No","1) Developer, one time: update the theme snippet called ""lazypicture"" so it shows image descriptions (recommendation D2). 2) Content: in Shopify admin go to Content > Files, search for the file name, open it, paste the recommended alt text into ""Alt text"" and save.","Men's Tops banner (desktop).","https://www.tascperformance.com/cdn/shop/files/CarrolltonD1Swirl-DesktopBanner-2000x500_2_copy.jpg?v=1785341326&width=1920"
"84","CarrolltonD1Swirl-DesktopBanner-2000x500_2.jpg","1","/collections/the-carrollton-collection-1","Collection banner","Carrollton bamboo T-shirts in heather colors from tasc's best-selling Carrollton Collection","Carrollton Collection","Carrollton T-shirts in heather tones laid together, showing the tasc logo","No","1) Developer, one time: update the theme snippet called ""lazypicture"" so it shows image descriptions (recommendation D2). 2) Content: in Shopify admin go to Content > Files, search for the file name, open it, paste the recommended alt text into ""Alt text"" and save.","Carrollton banner (desktop).","https://www.tascperformance.com/cdn/shop/files/CarrolltonD1Swirl-DesktopBanner-2000x500_2.jpg?v=1783701100&width=1920"
"85","CarrolltonD1Swirl-MobileBanner-1000x380_2_copy.jpg","1","/collections/mens-tops","Collection banner","Carrollton bamboo T-shirts in heather colors, men's tops from tasc","men's tops","Carrollton T-shirts in heather tones laid together, showing the tasc logo","No","1) Developer, one time: update the theme snippet called ""lazypicture"" so it shows image descriptions (recommendation D2). 2) Content: in Shopify admin go to Content > Files, search for the file name, open it, paste the recommended alt text into ""Alt text"" and save.","Men's Tops banner (mobile).","https://www.tascperformance.com/cdn/shop/files/CarrolltonD1Swirl-MobileBanner-1000x380_2_copy.jpg?v=1785341315&width=1920"
"86","CarrolltonD1Swirl-MobileBanner-1000x380_2.jpg","1","/collections/the-carrollton-collection-1","Collection banner","Carrollton bamboo T-shirts in heather colors from tasc's best-selling Carrollton Collection","Carrollton Collection","Carrollton T-shirts in heather tones laid together, showing the tasc logo","No","1) Developer, one time: update the theme snippet called ""lazypicture"" so it shows image descriptions (recommendation D2). 2) Content: in Shopify admin go to Content > Files, search for the file name, open it, paste the recommended alt text into ""Alt text"" and save.","Carrollton banner (mobile).","https://www.tascperformance.com/cdn/shop/files/CarrolltonD1Swirl-MobileBanner-1000x380_2.jpg?v=1783701100&width=1920"
"87","ChemicalFree_Mobile-100.jpg","1","/pages/cloud-polo-bestseller","Feature block","Golfer in a striped tasc Cloud Polo with moisture-wicking, chemical-free performance","Cloud Polo performance","Golfer in a striped blue Cloud Polo resting a driver on his shoulder","No","1) Developer, one time: update the theme snippet called ""responsive-image-wrapper"" so it shows image descriptions (recommendation D2). 2) Content: in Shopify admin go to Content > Files, search for the file name, open it, paste the recommended alt text into ""Alt text"" and save.","Mobile.","https://www.tascperformance.com/cdn/shop/files/ChemicalFree_Mobile-100.jpg?v=1710819127&width=1000"
"88","ChemicalFree-100.jpg","1","/pages/cloud-polo-bestseller","Feature block","Golfer in a striped tasc Cloud Polo with moisture-wicking, chemical-free performance","Cloud Polo performance","Golfer in a striped blue Cloud Polo resting a driver on his shoulder","No","1) Developer, one time: update the theme snippet called ""responsive-image-wrapper"" so it shows image descriptions (recommendation D2). 2) Content: in Shopify admin go to Content > Files, search for the file name, open it, paste the recommended alt text into ""Alt text"" and save.","Desktop.","https://www.tascperformance.com/cdn/shop/files/ChemicalFree-100.jpg?v=1710819157&width=1350"
"89","cloud_polo_reviews_mobile.jpg","1","/pages/cloud-polo-bestseller","Hero banner","150+ 5-star customer reviews for the tasc Cloud Polo","Cloud Polo reviews","150+ 5-star customer reviews","No","1) Developer, one time: update the theme snippet called ""lazypicture"" so it shows image descriptions (recommendation D2). 2) Content: in Shopify admin go to Content > Files, search for the file name, open it, paste the recommended alt text into ""Alt text"" and save.","Graphic with text.","https://www.tascperformance.com/cdn/shop/files/cloud_polo_reviews_mobile.jpg?v=1710818620&width=768"
"90","collectino_desktop_mens_accessories.png","1","/collections/mens-accessories","Collection banner","tasc men's accessories: socks, boxer briefs and more laid flat","men's accessories","tasc socks, boxer briefs and accessories laid flat","No","1) Developer, one time: update the theme snippet called ""lazypicture"" so it shows image descriptions (recommendation D2). 2) Content: in Shopify admin go to Content > Files, search for the file name, open it, paste the recommended alt text into ""Alt text"" and save.","Men's Accessories banner (desktop).","https://www.tascperformance.com/cdn/shop/files/collectino_desktop_mens_accessories.png?v=1763663160&width=1920"
"91","collection_desktop_13.png","1","/collections/sculptive-bundles","Collection banner","tasc Sculptive sets: black and navy tanks and leggings","Sculptive sets","Black and navy Sculptive tanks and leggings","No","1) Developer, one time: update the theme snippet called ""lazypicture"" so it shows image descriptions (recommendation D2). 2) Content: in Shopify admin go to Content > Files, search for the file name, open it, paste the recommended alt text into ""Alt text"" and save.","Sculptive Bundles banner (desktop).","https://www.tascperformance.com/cdn/shop/files/collection_desktop_13.png?v=1779401357&width=1920"
"92","collection_desktop_3.png","1","/collections/mens-outdoor-essentials","Collection banner","Man hiking through a forest in tasc outdoor essentials","outdoor essentials","Man with a backpack hiking through a forest","No","1) Developer, one time: update the theme snippet called ""lazypicture"" so it shows image descriptions (recommendation D2). 2) Content: in Shopify admin go to Content > Files, search for the file name, open it, paste the recommended alt text into ""Alt text"" and save.","Men's Outdoor banner (desktop).","https://www.tascperformance.com/cdn/shop/files/collection_desktop_3.png?v=1756924067&width=1920"
"93","collection_mobile_1_bcf0eb41-19a0-4cee-9393-a7b537028c37.png","1","/collections/mens-outdoor-essentials","Collection banner","Man hiking through a forest in tasc outdoor essentials","outdoor essentials","Man with a backpack hiking through a forest","No","1) Developer, one time: update the theme snippet called ""lazypicture"" so it shows image descriptions (recommendation D2). 2) Content: in Shopify admin go to Content > Files, search for the file name, open it, paste the recommended alt text into ""Alt text"" and save.","Men's Outdoor banner (mobile).","https://www.tascperformance.com/cdn/shop/files/collection_mobile_1_bcf0eb41-19a0-4cee-9393-a7b537028c37.png?v=1756923605&width=1920"
"94","collection_mobile_1.png","1","/pages/cloud-polo-bestseller","Hero banner","Stack of folded tasc Cloud Polos in solid and printed styles","Cloud Polo","Stack of folded patterned and solid tasc polos","No","1) Developer, one time: update the theme snippet called ""lazypicture"" so it shows image descriptions (recommendation D2). 2) Content: in Shopify admin go to Content > Files, search for the file name, open it, paste the recommended alt text into ""Alt text"" and save.","","https://www.tascperformance.com/cdn/shop/files/collection_mobile_1.png?v=1750803463&width=768"
"95","collection_mobile_14.png","1","/collections/sculptive-bundles","Collection banner","tasc Sculptive sets: black and navy tanks and leggings","Sculptive sets","Black and navy Sculptive tanks and leggings","No","1) Developer, one time: update the theme snippet called ""lazypicture"" so it shows image descriptions (recommendation D2). 2) Content: in Shopify admin go to Content > Files, search for the file name, open it, paste the recommended alt text into ""Alt text"" and save.","Sculptive Bundles banner (mobile).","https://www.tascperformance.com/cdn/shop/files/collection_mobile_14.png?v=1779401291&width=1920"
"96","collection_mobile_mens_accessories.png","1","/collections/mens-accessories","Collection banner","tasc men's accessories: socks, boxer briefs and more laid flat","men's accessories","tasc socks, boxer briefs and accessories laid flat","No","1) Developer, one time: update the theme snippet called ""lazypicture"" so it shows image descriptions (recommendation D2). 2) Content: in Shopify admin go to Content > Files, search for the file name, open it, paste the recommended alt text into ""Alt text"" and save.","Men's Accessories banner (mobile).","https://www.tascperformance.com/cdn/shop/files/collection_mobile_mens_accessories.png?v=1763663160&width=1920"
"97","collection_mobileWOMENSACC.png","1","/collections/womens-accessories","Collection banner","tasc tote bag and dopp kit, women's activewear accessories","women's activewear accessories","tasc tote bag and dopp kit on a wooden shelf","No","1) Developer, one time: update the theme snippet called ""lazypicture"" so it shows image descriptions (recommendation D2). 2) Content: in Shopify admin go to Content > Files, search for the file name, open it, paste the recommended alt text into ""Alt text"" and save.","Women's Accessories banner (mobile).","https://www.tascperformance.com/cdn/shop/files/collection_mobileWOMENSACC.png?v=1763663793&width=1920"
"98","CollectionBanner_Desktop-100_1.jpg","1","/collections/eric-cole-collection","Collection banner","PGA Tour Rookie of the Year Eric Cole hitting from a bunker in tasc golf apparel from Eric Cole's Script","Eric Cole's Script","Golfer Eric Cole hitting out of a greenside bunker in front of a gallery","No","1) Developer, one time: update the theme snippet called ""lazypicture"" so it shows image descriptions (recommendation D2). 2) Content: in Shopify admin go to Content > Files, search for the file name, open it, paste the recommended alt text into ""Alt text"" and save.","Eric Cole banner (desktop). Name confirmed by the collection copy.","https://www.tascperformance.com/cdn/shop/files/CollectionBanner_Desktop-100_1.jpg?v=1712941096&width=1920"
"99","CollectionBanner_Mobile-100.jpg","1","/collections/eric-cole-collection","Collection banner","PGA Tour Rookie of the Year Eric Cole hitting from a bunker in tasc golf apparel from Eric Cole's Script","Eric Cole's Script","Golfer Eric Cole hitting out of a greenside bunker in front of a gallery","No","1) Developer, one time: update the theme snippet called ""lazypicture"" so it shows image descriptions (recommendation D2). 2) Content: in Shopify admin go to Content > Files, search for the file name, open it, paste the recommended alt text into ""Alt text"" and save.","Eric Cole banner (mobile).","https://www.tascperformance.com/cdn/shop/files/CollectionBanner_Mobile-100.jpg?v=1712939465&width=1920"
"100","Community-Discounts_10_1.jpg","1","/collections/tasc-performance-collection","Collection banner","Woman in a gray tank and man in a gray long sleeve from the tasc Performance Core Collection","tasc Performance Core Collection","Woman in a gray tank and man in a gray long sleeve walking outdoors","No","1) Developer, one time: update the theme snippet called ""lazypicture"" so it shows image descriptions (recommendation D2). 2) Content: in Shopify admin go to Content > Files, search for the file name, open it, paste the recommended alt text into ""Alt text"" and save.","","https://www.tascperformance.com/cdn/shop/files/Community-Discounts_10_1.jpg?v=1756396949&width=1920"
"101","CORE_TM690-glacier_MotionPantStraight_Lifestyle_1342-2.jpg","1","/collections/the-motion-pant-collection","Collection banner","Man walking a bike in light gray tasc Motion Pants, men's performance pants","men's performance pants","Man walking a bike in light gray Motion Pants","No","1) Developer, one time: update the theme snippet called ""lazypicture"" so it shows image descriptions (recommendation D2). 2) Content: in Shopify admin go to Content > Files, search for the file name, open it, paste the recommended alt text into ""Alt text"" and save.","Motion Pant banner (mobile).","https://www.tascperformance.com/cdn/shop/files/CORE_TM690-glacier_MotionPantStraight_Lifestyle_1342-2.jpg?v=1725576034&width=1920"
"102","dropshadow_1000x1000_ed437bb7-397b-4f55-8b17-a9f42379aa42.jpg","1","/pages/carrollton-fitness-tshirt-bestseller","Hero banner","Man jogging in a blue tasc Carrollton Fitness T-shirt made with bamboo","Carrollton Fitness T-shirt","Man jogging in a blue Carrollton T-shirt","No","1) Developer, one time: update the theme snippet called ""lazypicture"" so it shows image descriptions (recommendation D2). 2) Content: in Shopify admin go to Content > Files, search for the file name, open it, paste the recommended alt text into ""Alt text"" and save.","","https://www.tascperformance.com/cdn/shop/files/dropshadow_1000x1000_ed437bb7-397b-4f55-8b17-a9f42379aa42.jpg?v=1727904613&width=768"
"103","Durable_Mobile-100_1.jpg","1","/pages/cloud-polo-bestseller","Feature block","Golfer reading a putt in a pink tasc Cloud Polo built to keep its shape wash after wash","Cloud Polo durability","Golfer in a pink polo crouching to read a putt","No","1) Developer, one time: update the theme snippet called ""responsive-image-wrapper"" so it shows image descriptions (recommendation D2). 2) Content: in Shopify admin go to Content > Files, search for the file name, open it, paste the recommended alt text into ""Alt text"" and save.","Mobile.","https://www.tascperformance.com/cdn/shop/files/Durable_Mobile-100_1.jpg?v=1722351518&width=1000"
"104","Durable-100_1.jpg","1","/pages/cloud-polo-bestseller","Feature block","Golfer reading a putt in a pink tasc Cloud Polo built to keep its shape wash after wash","Cloud Polo durability","Golfer in a pink polo crouching to read a putt","No","1) Developer, one time: update the theme snippet called ""responsive-image-wrapper"" so it shows image descriptions (recommendation D2). 2) Content: in Shopify admin go to Content > Files, search for the file name, open it, paste the recommended alt text into ""Alt text"" and save.","Desktop.","https://www.tascperformance.com/cdn/shop/files/Durable-100_1.jpg?v=1722351530&width=1350"
"105","EasyCare_Mobile-100_3.jpg","1","/pages/mens-motion-golf-short-bestseller-v2","Feature block","Back pockets of the khaki tasc Motion Short, wrinkle-resistant and machine washable","Motion Short easy care","Back of khaki Motion Golf Shorts showing the welt pockets","No","1) Developer, one time: update the theme snippet called ""responsive-image-wrapper"" so it shows image descriptions (recommendation D2). 2) Content: in Shopify admin go to Content > Files, search for the file name, open it, paste the recommended alt text into ""Alt text"" and save.","Mobile.","https://www.tascperformance.com/cdn/shop/files/EasyCare_Mobile-100_3.jpg?v=1711598046&width=1001"
"106","EasyCare-100_2.jpg","1","/pages/mens-motion-golf-short-bestseller-v2","Feature block","Back pockets of the khaki tasc Motion Short, wrinkle-resistant and machine washable","Motion Short easy care","Back of khaki Motion Golf Shorts showing the welt pockets","No","1) Developer, one time: update the theme snippet called ""responsive-image-wrapper"" so it shows image descriptions (recommendation D2). 2) Content: in Shopify admin go to Content > Files, search for the file name, open it, paste the recommended alt text into ""Alt text"" and save.","Desktop.","https://www.tascperformance.com/cdn/shop/files/EasyCare-100_2.jpg?v=1711598062&width=1351"
"107","f9da9cc028064d05ac7ac2f8d9abd7ca.thumbnail.0000000000_small.jpg","1","/pages/motion-pant-bestseller","Hero video poster","Man on a golf course in a light blue polo and tasc Motion Pants (video)","Motion Pant","Man in a light blue polo and Motion Pants on a golf course (video)","No","1) Developer, one time: update the page's top banner (hero) section so it shows the video's description (recommendation D2). 2) Content: in Content > Files, open the video used in that page's top banner, paste the recommended alt text into ""Alt text"" and save.","Video poster image.","https://www.tascperformance.com/cdn/shop/files/preview_images/f9da9cc028064d05ac7ac2f8d9abd7ca.thumbnail.0000000000_small.jpg?v=1721777430"
"108","Footer_Mobile-100.jpg","1","/pages/mens-motion-golf-short-bestseller-v2","Hero banner","tasc Motion Shorts worn on the golf course and around town","Motion Short","Motion Golf Shorts worn on the course and around town","No","1) Developer, one time: update the theme snippet called ""lazypicture"" so it shows image descriptions (recommendation D2). 2) Content: in Shopify admin go to Content > Files, search for the file name, open it, paste the recommended alt text into ""Alt text"" and save.","","https://www.tascperformance.com/cdn/shop/files/Footer_Mobile-100.jpg?v=1710438950&width=768"
"109","ItsAllintheDetails_Mobile-100_1.jpg","1","/pages/mens-motion-golf-short-bestseller-v2","Hero banner","It's all in the details","Motion Short details (graphic text)","It's all in the details","No","1) Developer, one time: update the theme snippet called ""lazypicture"" so it shows image descriptions (recommendation D2). 2) Content: in Shopify admin go to Content > Files, search for the file name, open it, paste the recommended alt text into ""Alt text"" and save.","Graphic with text.","https://www.tascperformance.com/cdn/shop/files/ItsAllintheDetails_Mobile-100_1.jpg?v=1710440731&width=768"
"110","ItsAllintheDetails_Mobile-100_855ca827-c530-492e-a4e8-1f683ced93a7.jpg","1","/pages/cloud-polo-bestseller","Hero banner","It's all in the details","Cloud Polo details (graphic text)","It's all in the details","No","1) Developer, one time: update the theme snippet called ""lazypicture"" so it shows image descriptions (recommendation D2). 2) Content: in Shopify admin go to Content > Files, search for the file name, open it, paste the recommended alt text into ""Alt text"" and save.","Graphic with text.","https://www.tascperformance.com/cdn/shop/files/ItsAllintheDetails_Mobile-100_855ca827-c530-492e-a4e8-1f683ced93a7.jpg?v=1709688564&width=768"
"111","MENSNEW-1000X380.png","1","/collections/mens-new-arrivals","Collection banner","Two men walking with bikes in tasc tees and long sleeves from men's new arrivals","men's new arrivals","Two men in tasc tees and long sleeves walking with bikes","No","1) Developer, one time: update the theme snippet called ""lazypicture"" so it shows image descriptions (recommendation D2). 2) Content: in Shopify admin go to Content > Files, search for the file name, open it, paste the recommended alt text into ""Alt text"" and save.","Men's New Arrivals banner (mobile).","https://www.tascperformance.com/cdn/shop/files/MENSNEW-1000X380.png?v=1789573113&width=1920"
"112","mobile_reviews_without_copy.jpg","1","/pages/mens-motion-golf-short-bestseller-v2","Hero banner","300+ 5-star customer reviews for the tasc Motion Short","Motion Short reviews","300+ 5-star customer reviews","No","1) Developer, one time: update the theme snippet called ""lazypicture"" so it shows image descriptions (recommendation D2). 2) Content: in Shopify admin go to Content > Files, search for the file name, open it, paste the recommended alt text into ""Alt text"" and save.","Graphic with text.","https://www.tascperformance.com/cdn/shop/files/mobile_reviews_without_copy.jpg?v=1710437804&width=768"
"113","mobilebanner_8f787f4a-cd07-4195-ae57-9a468dbfa5bc.jpg","1","/pages/shorts-guide","Hero banner","Two men in khaki and tan tasc shorts on a boardwalk, the tasc shorts guide","shorts guide","Two men in khaki and tan shorts on a boardwalk","No","1) Developer, one time: update the theme snippet called ""lazypicture"" so it shows image descriptions (recommendation D2). 2) Content: in Shopify admin go to Content > Files, search for the file name, open it, paste the recommended alt text into ""Alt text"" and save.","","https://www.tascperformance.com/cdn/shop/files/mobilebanner_8f787f4a-cd07-4195-ae57-9a468dbfa5bc.jpg?v=1787776212&width=768"
"114","Motion-LP-UpdatesOur-Story-V1.jpg","1","/pages/motion-pant-bestseller","Feature section","Folded tasc tops in blue, red and heather, part of the tasc story","our story","Folded tasc tops in blue, red and heather tones showing the tasc logo","No","1) Developer, one time: update the theme snippet called ""responsive-image-wrapper"" so it shows image descriptions (recommendation D2). 2) Content: in Shopify admin go to Content > Files, search for the file name, open it, paste the recommended alt text into ""Alt text"" and save.","","https://www.tascperformance.com/cdn/shop/files/Motion-LP-UpdatesOur-Story-V1.jpg?v=1727900518&width=1001"
"115","Motion-LP-UpdatesStraight-Desktop-V1.jpg","1","/pages/motion-pant-bestseller","Fifty-fifty image","The Straight Fit Motion Pant: polished but roomy, for athletic builds, with a slight taper from hip to ankle","Motion Pant straight fit","The Straight Fit: polished but roomy, suited for athletic builds, with a slight taper from hip to ankle","No","1) Developer, one time: update the theme snippet called ""lazypicture"" so it shows image descriptions (recommendation D2). 2) Content: in Shopify admin go to Content > Files, search for the file name, open it, paste the recommended alt text into ""Alt text"" and save.","Graphic with text.","https://www.tascperformance.com/cdn/shop/files/Motion-LP-UpdatesStraight-Desktop-V1.jpg?v=1727899263&width=1920"
"116","Motion-LP-UpdatesTailored-Desktop-V1.jpg","1","/pages/motion-pant-bestseller","Fifty-fifty image","The Tailored Fit Motion Pant: slim, for slender builds, tapered from thigh to ankle","Motion Pant tailored fit","The Tailored Fit: slim fit, ideal for slender builds, tapered from thigh to ankle","No","1) Developer, one time: update the theme snippet called ""lazypicture"" so it shows image descriptions (recommendation D2). 2) Content: in Shopify admin go to Content > Files, search for the file name, open it, paste the recommended alt text into ""Alt text"" and save.","Graphic with text.","https://www.tascperformance.com/cdn/shop/files/Motion-LP-UpdatesTailored-Desktop-V1.jpg?v=1727899236&width=1920"
"117","MP1000x1000.jpg","1","/pages/motion-pant-bestseller","Hero banner","Man riding a bike in light gray tasc Motion Pants, comfortable from course to commute","Motion Pant","Man riding a bike in light gray Motion Pants","No","1) Developer, one time: update the theme snippet called ""lazypicture"" so it shows image descriptions (recommendation D2). 2) Content: in Shopify admin go to Content > Files, search for the file name, open it, paste the recommended alt text into ""Alt text"" and save.","","https://www.tascperformance.com/cdn/shop/files/MP1000x1000.jpg?v=1727102834&width=768"
"118","new-2000x500.png","1","/collections/mens-new-arrivals","Collection banner","Two men walking with bikes in tasc tees and long sleeves from men's new arrivals","men's new arrivals","Two men in tasc tees and long sleeves walking with bikes","No","1) Developer, one time: update the theme snippet called ""lazypicture"" so it shows image descriptions (recommendation D2). 2) Content: in Shopify admin go to Content > Files, search for the file name, open it, paste the recommended alt text into ""Alt text"" and save.","Men's New Arrivals banner (desktop).","https://www.tascperformance.com/cdn/shop/files/new-2000x500.png?v=1789573746&width=1920"
"119","NEWARRIVALSBANNER-1000x380.png","1","/collections/all-new-arrivals","Collection banner","Family walking under live oaks in tasc new arrivals","new arrivals","Family in tasc layers walking under live oak trees","No","1) Developer, one time: update the theme snippet called ""lazypicture"" so it shows image descriptions (recommendation D2). 2) Content: in Shopify admin go to Content > Files, search for the file name, open it, paste the recommended alt text into ""Alt text"" and save.","New Arrivals banner (mobile).","https://www.tascperformance.com/cdn/shop/files/NEWARRIVALSBANNER-1000x380.png?v=1789568784&width=1920"
"120","NEWARRIVALSBANNER-2000X700_cf62d477-93fa-4e68-abba-1804a2d86f11.png","1","/collections/all-new-arrivals","Collection banner","Family walking under live oaks in tasc new arrivals","new arrivals","Family in tasc layers walking under live oak trees","No","1) Developer, one time: update the theme snippet called ""lazypicture"" so it shows image descriptions (recommendation D2). 2) Content: in Shopify admin go to Content > Files, search for the file name, open it, paste the recommended alt text into ""Alt text"" and save.","New Arrivals banner (desktop).","https://www.tascperformance.com/cdn/shop/files/NEWARRIVALSBANNER-2000X700_cf62d477-93fa-4e68-abba-1804a2d86f11.png?v=1789568880&width=1920"
"121","our-planet-energy.png","1","/pages/our-impact","Infographic carousel","Wind turbine: wind and solar power 100% of tasc's sewing facility","sustainability: energy","Wind turbine against storm clouds","No","1) Developer, one time: update the theme snippet called ""responsive-image-wrapper"" so it shows image descriptions (recommendation D2). 2) Content: in Shopify admin go to Content > Files, search for the file name, open it, paste the recommended alt text into ""Alt text"" and save.","Our Impact: energy.","https://www.tascperformance.com/cdn/shop/files/our-planet-energy.png?v=1657633313&width=1808"
"122","our-planet-water_ccdabc74-b642-4a20-965d-409ac2fa36c7.jpg","1","/pages/our-impact","Infographic carousel","Splashing water: 95% of tasc's dyeing water is recovered and reused","sustainability: water","Close-up of splashing water","No","1) Developer, one time: update the theme snippet called ""responsive-image-wrapper"" so it shows image descriptions (recommendation D2). 2) Content: in Shopify admin go to Content > Files, search for the file name, open it, paste the recommended alt text into ""Alt text"" and save.","Our Impact: water.","https://www.tascperformance.com/cdn/shop/files/our-planet-water_ccdabc74-b642-4a20-965d-409ac2fa36c7.jpg?v=1658867995&width=1800"
"123","Packaging_tasc.png","1","/pages/our-impact","Infographic carousel","Hands holding soil and a fern: tasc ships in biodegradable, 100% recycled polybags","sustainability: packaging","Hands holding soil with a green fern sprout","No","1) Developer, one time: update the theme snippet called ""responsive-image-wrapper"" so it shows image descriptions (recommendation D2). 2) Content: in Shopify admin go to Content > Files, search for the file name, open it, paste the recommended alt text into ""Alt text"" and save.","Our Impact: packaging.","https://www.tascperformance.com/cdn/shop/files/Packaging_tasc.png?v=1745269944&width=2048"
"124","Page_ReturnsPolicies_6333cc6a-573c-4d2c-95b0-c63839257adc.jpg","1","/pages/contact-us","Page banner","Two golfers in tasc polos talking beside a golf cart","contact tasc Performance","Two golfers in tasc polos talking beside a golf cart","No","1) Developer, one time: update the theme snippet called ""responsive-image-wrapper"" so it shows image descriptions (recommendation D2). 2) Content: in Shopify admin go to Content > Files, search for the file name, open it, paste the recommended alt text into ""Alt text"" and save.","Contact page banner.","https://www.tascperformance.com/cdn/shop/files/Page_ReturnsPolicies_6333cc6a-573c-4d2c-95b0-c63839257adc.jpg?v=1691784159&width=2500"
"125","PDP-AthletesMobile_copy_2V1_1.jpg","1","/pages/ambassadors","Feature block","PGA Tour golfer and tasc ambassador Sam Saunders following through on a drive","tasc ambassadors","Tour golfer in a navy tasc polo following through on a drive","No","1) Developer, one time: update the theme snippet called ""responsive-image-wrapper"" so it shows image descriptions (recommendation D2). 2) Content: in Shopify admin go to Content > Files, search for the file name, open it, paste the recommended alt text into ""Alt text"" and save.","","https://www.tascperformance.com/cdn/shop/files/PDP-AthletesMobile_copy_2V1_1.jpg?v=1718288488&width=751"
"126","PDP-AthletesMobile_copy_5V1_1.jpg","1","/pages/ambassadors","Feature block","NFL kicker and tasc ambassador Wil Lutz in a gray tasc T-shirt","tasc ambassadors","Smiling tasc ambassador in a gray T-shirt and black cap","No","1) Developer, one time: update the theme snippet called ""responsive-image-wrapper"" so it shows image descriptions (recommendation D2). 2) Content: in Shopify admin go to Content > Files, search for the file name, open it, paste the recommended alt text into ""Alt text"" and save.","","https://www.tascperformance.com/cdn/shop/files/PDP-AthletesMobile_copy_5V1_1.jpg?v=1718288635&width=751"
"127","PlentyofPockets_Mobile-100_1.jpg","1","/pages/mens-motion-golf-short-bestseller-v2","Feature block","Phone slipping into the zippered side pocket of the tasc Motion Short, one of six pockets","Motion Short pockets","Hand slipping a phone into the zippered side pocket of Motion Golf Shorts","No","1) Developer, one time: update the theme snippet called ""responsive-image-wrapper"" so it shows image descriptions (recommendation D2). 2) Content: in Shopify admin go to Content > Files, search for the file name, open it, paste the recommended alt text into ""Alt text"" and save.","Mobile.","https://www.tascperformance.com/cdn/shop/files/PlentyofPockets_Mobile-100_1.jpg?v=1710438681&width=1000"
"128","PlentyofPockets-100_1.jpg","1","/pages/mens-motion-golf-short-bestseller-v2","Feature block","Phone slipping into the zippered side pocket of the tasc Motion Short, one of six pockets","Motion Short pockets","Hand slipping a phone into the zippered side pocket of Motion Golf Shorts","No","1) Developer, one time: update the theme snippet called ""responsive-image-wrapper"" so it shows image descriptions (recommendation D2). 2) Content: in Shopify admin go to Content > Files, search for the file name, open it, paste the recommended alt text into ""Alt text"" and save.","Desktop.","https://www.tascperformance.com/cdn/shop/files/PlentyofPockets-100_1.jpg?v=1710438693&width=1350"
"129","polos_1.png","1","/pages/cloud-polo-bestseller","Feature block","Stack of tasc Cloud Polos, spun from beechwood for the softest feel","Cloud Polo fabric","Stack of folded Cloud Polos in blue, navy, peach and print","No","1) Developer, one time: update the theme snippet called ""responsive-image-wrapper"" so it shows image descriptions (recommendation D2). 2) Content: in Shopify admin go to Content > Files, search for the file name, open it, paste the recommended alt text into ""Alt text"" and save.","","https://www.tascperformance.com/cdn/shop/files/polos_1.png?v=1750802737&width=900"
"130","polos.png","1","/pages/cloud-polo-bestseller","Feature block","Close-up of a coral tasc Cloud Polo collar","Cloud Polo collar","Close-up of a coral polo collar","No","1) Developer, one time: update the theme snippet called ""responsive-image-wrapper"" so it shows image descriptions (recommendation D2). 2) Content: in Shopify admin go to Content > Files, search for the file name, open it, paste the recommended alt text into ""Alt text"" and save.","","https://www.tascperformance.com/cdn/shop/files/polos.png?v=1750802756&width=900"
"131","SP26_Lifestyle_Look_17_2335-colorcorrected_copy__1_-transformed.jpg","1","/pages/rewards","FAQ image","Man and woman in tasc layers outside a storefront, tasc rewards","tasc rewards","Man in a charcoal sweater and woman in a light blue top outside a storefront","No","1) Developer, one time: update the theme snippet called ""lazypicture"" so it shows image descriptions (recommendation D2). 2) Content: in Shopify admin go to Content > Files, search for the file name, open it, paste the recommended alt text into ""Alt text"" and save.","Rewards page.","https://www.tascperformance.com/cdn/shop/files/SP26_Lifestyle_Look_17_2335-colorcorrected_copy__1_-transformed.jpg?v=1772571062&width=1920"
"132","SuperiorComfort_Mobile-100_5714eb12-d98e-4b2b-b6eb-3de0bf2efe0f.jpg","1","/pages/mens-motion-golf-short-bestseller-v2","Feature block","Golfer mid-swing in khaki tasc Motion Shorts made from lightweight bamboo and cotton","Motion Short comfort","Golfer in khaki Motion Golf Shorts mid-swing","No","1) Developer, one time: update the theme snippet called ""responsive-image-wrapper"" so it shows image descriptions (recommendation D2). 2) Content: in Shopify admin go to Content > Files, search for the file name, open it, paste the recommended alt text into ""Alt text"" and save.","Mobile.","https://www.tascperformance.com/cdn/shop/files/SuperiorComfort_Mobile-100_5714eb12-d98e-4b2b-b6eb-3de0bf2efe0f.jpg?v=1710514432&width=1000"
"133","SuperiorComfort-100_96fe2a46-1375-4077-ae30-978bca0b91bc.jpg","1","/pages/mens-motion-golf-short-bestseller-v2","Feature block","Golfer mid-swing in khaki tasc Motion Shorts made from lightweight bamboo and cotton","Motion Short comfort","Golfer in khaki Motion Golf Shorts mid-swing","No","1) Developer, one time: update the theme snippet called ""responsive-image-wrapper"" so it shows image descriptions (recommendation D2). 2) Content: in Shopify admin go to Content > Files, search for the file name, open it, paste the recommended alt text into ""Alt text"" and save.","Desktop.","https://www.tascperformance.com/cdn/shop/files/SuperiorComfort-100_96fe2a46-1375-4077-ae30-978bca0b91bc.jpg?v=1710514445&width=1350"
"134","take1_3.jpg","1","/pages/cloud-polo-vs-everywear-polo","Hero banner","Two men comparing the tasc Cloud Polo and Everywear Polo","Cloud Polo vs Everywear Polo","Two men in navy and white tasc polos","No","1) Developer, one time: update the theme snippet called ""lazypicture"" so it shows image descriptions (recommendation D2). 2) Content: in Shopify admin go to Content > Files, search for the file name, open it, paste the recommended alt text into ""Alt text"" and save.","Cloud Polo vs Everywear Polo page.","https://www.tascperformance.com/cdn/shop/files/take1_3.jpg?v=1786552961&width=768"
"135","tasc_FW22_Day3_LilyLake_Shot5_0037-story-desktop.jpg","1","/pages/our-impact","Feature block","Couple hiking among rocks in tasc sustainable activewear","sustainability","Couple hiking among rocks in tasc tops and shorts","No","1) Developer, one time: update the theme snippet called ""responsive-image-wrapper"" so it shows image descriptions (recommendation D2). 2) Content: in Shopify admin go to Content > Files, search for the file name, open it, paste the recommended alt text into ""Alt text"" and save.","Our Impact page.","https://www.tascperformance.com/cdn/shop/files/tasc_FW22_Day3_LilyLake_Shot5_0037-story-desktop.jpg?v=1657905229&width=2500"
"136","tasc_Tchoup_header-desktop.jpg","1","/collections/tchoup-industries-x-tasc","Collection banner","Sewing a Tchoup Industries x tasc bag from repurposed materials","Tchoup Industries x tasc","Hands sewing a Tchoup Industries x tasc bag at a workbench","No","1) Developer, one time: update the theme snippet called ""lazypicture"" so it shows image descriptions (recommendation D2). 2) Content: in Shopify admin go to Content > Files, search for the file name, open it, paste the recommended alt text into ""Alt text"" and save.","Tchoup collection banner.","https://www.tascperformance.com/cdn/shop/files/tasc_Tchoup_header-desktop.jpg?v=1757444696&width=1920"
"137","tasc-icon-foodandhousing.png","1","/pages/our-impact","Icon list","(leave empty: alt="""")","","","Yes","1) Developer, one time: the ""responsive-image-wrapper"" snippet update (recommendation D2) covers this image too. 2) Content: nothing to enter. Leave ""Alt text"" empty on purpose; this image is decorative.","Icon next to the text ""food and housing""; mark decorative.","https://www.tascperformance.com/cdn/shop/files/tasc-icon-foodandhousing.png?v=1657644897&width=57"
"138","tasc-icon-healthcare_ffd95ee5-01e6-42c7-a61c-928b5106f2dc.png","1","/pages/our-impact","Icon list","(leave empty: alt="""")","","","Yes","1) Developer, one time: the ""responsive-image-wrapper"" snippet update (recommendation D2) covers this image too. 2) Content: nothing to enter. Leave ""Alt text"" empty on purpose; this image is decorative.","Icon next to the text ""healthcare""; mark decorative.","https://www.tascperformance.com/cdn/shop/files/tasc-icon-healthcare_ffd95ee5-01e6-42c7-a61c-928b5106f2dc.png?v=1657644771&width=57"
"139","tasc-icon-higherwages_31b54be2-2e7c-4742-ac13-2379ec8ee5bd.png","1","/pages/our-impact","Icon list","(leave empty: alt="""")","","","Yes","1) Developer, one time: the ""responsive-image-wrapper"" snippet update (recommendation D2) covers this image too. 2) Content: nothing to enter. Leave ""Alt text"" empty on purpose; this image is decorative.","Icon next to the text ""higher wages""; mark decorative.","https://www.tascperformance.com/cdn/shop/files/tasc-icon-higherwages_31b54be2-2e7c-4742-ac13-2379ec8ee5bd.png?v=1657644876&width=57"
"140","TheMotionPantCollection1.png","1","/collections/the-motion-pant-collection","Collection banner","Man walking a bike in light gray tasc Motion Pants, men's performance pants","men's performance pants","Man walking a bike in light gray Motion Pants","No","1) Developer, one time: update the theme snippet called ""lazypicture"" so it shows image descriptions (recommendation D2). 2) Content: in Shopify admin go to Content > Files, search for the file name, open it, paste the recommended alt text into ""Alt text"" and save.","Motion Pant banner (desktop).","https://www.tascperformance.com/cdn/shop/files/TheMotionPantCollection1.png?v=1725574785&width=1920"
"141","TreyWinsteadphoto.png","1","/pages/ambassadors","Feature block","Korn Ferry Tour golfer and tasc ambassador Trey Winstead swinging a driver","tasc ambassadors","Golfer Trey Winstead swinging a driver","No","1) Developer, one time: update the theme snippet called ""responsive-image-wrapper"" so it shows image descriptions (recommendation D2). 2) Content: in Shopify admin go to Content > Files, search for the file name, open it, paste the recommended alt text into ""Alt text"" and save.","Name confirmed by the Ambassadors page copy.","https://www.tascperformance.com/cdn/shop/files/TreyWinsteadphoto.png?v=1745357570&width=1000"
"142","WaterResistant_Mobile-100_1_bb55e674-22d9-4fe0-8585-89e410bc1d2f.jpg","1","/pages/mens-motion-golf-short-bestseller-v2","Feature block","Water beading on the water-resistant fabric of the tasc Motion Short","Motion Short water resistant","Water beading on Motion Golf Shorts fabric","No","1) Developer, one time: update the theme snippet called ""responsive-image-wrapper"" so it shows image descriptions (recommendation D2). 2) Content: in Shopify admin go to Content > Files, search for the file name, open it, paste the recommended alt text into ""Alt text"" and save.","Mobile.","https://www.tascperformance.com/cdn/shop/files/WaterResistant_Mobile-100_1_bb55e674-22d9-4fe0-8585-89e410bc1d2f.jpg?v=1710529768&width=1000"
"143","WaterResistant-100_1_60ece923-5c23-4817-b664-48028f7c03be.jpg","1","/pages/mens-motion-golf-short-bestseller-v2","Feature block","Water beading on the water-resistant fabric of the tasc Motion Short","Motion Short water resistant","Water beading on Motion Golf Shorts fabric","No","1) Developer, one time: update the theme snippet called ""responsive-image-wrapper"" so it shows image descriptions (recommendation D2). 2) Content: in Shopify admin go to Content > Files, search for the file name, open it, paste the recommended alt text into ""Alt text"" and save.","Desktop.","https://www.tascperformance.com/cdn/shop/files/WaterResistant-100_1_60ece923-5c23-4817-b664-48028f7c03be.jpg?v=1710529782&width=1350"
"144","WHITE_BACKGROUND_f14209bb-ac9c-4580-a395-c45fed394d18.png","1","/pages/upf-sun-protective-clothing-faq","Hero banner","(leave empty: alt="""")","","","Yes","1) Developer, one time: the ""lazypicture"" snippet update (recommendation D2) covers this image too. 2) Content: nothing to enter. Leave ""Alt text"" empty on purpose; this image is decorative.","Plain white background image.","https://www.tascperformance.com/cdn/shop/files/WHITE_BACKGROUND_f14209bb-ac9c-4580-a395-c45fed394d18.png?v=1717704132&width=768"
"145","WOMENACC.png","1","/collections/womens-accessories","Collection banner","tasc tote bag and dopp kit, women's activewear accessories","women's activewear accessories","tasc tote bag and dopp kit on a wooden shelf","No","1) Developer, one time: update the theme snippet called ""lazypicture"" so it shows image descriptions (recommendation D2). 2) Content: in Shopify admin go to Content > Files, search for the file name, open it, paste the recommended alt text into ""Alt text"" and save.","Women's Accessories banner (desktop).","https://www.tascperformance.com/cdn/shop/files/WOMENACC.png?v=1763663793&width=1920"
"146","Untitled_design_1_b4106576-1e82-4f01-bdbc-7addce1d7b58.png","1","/pages/community-discounts-and-programs","Page content block (empty alt)","ID.me logo: tasc community discounts are verified through ID.me","community discounts","ID.me","No","Content only: in Shopify admin go to Content > Files, search for the file name, open it, paste the recommended alt text into ""Alt text"" and save. This page already shows the description once it is filled in.","ID.me logo. Currently alt="""", which hides it from screen readers.","https://www.tascperformance.com/cdn/shop/files/Untitled_design_1_b4106576-1e82-4f01-bdbc-7addce1d7b58.png?v=1756156791"
"147","12.png","1","/pages/community-discounts-and-programs","Page FAQ block (empty alt)","(leave empty: alt="""")","","","Yes","No change needed. The empty description is correct because the label beside the photo already describes it.","Tennis player serving; sits beside its own label. Empty alt is correct here.","https://www.tascperformance.com/cdn/shop/files/12.png?v=1755720801"
"148","13.png","1","/pages/community-discounts-and-programs","Page FAQ block (empty alt)","(leave empty: alt="""")","","","Yes","No change needed. The empty description is correct because the label beside the photo already describes it.","Woman in a black sports bra and leggings; sits beside its own label. Empty alt is correct here.","https://www.tascperformance.com/cdn/shop/files/13.png?v=1755720801"
"149","10.png","1","/pages/community-discounts-and-programs","Page FAQ block (empty alt)","(leave empty: alt="""")","","","Yes","No change needed. The empty description is correct because the label beside the photo already describes it.","Golfer in a gray hybrid jacket mid-swing; sits beside its own label. Empty alt is correct here.","https://www.tascperformance.com/cdn/shop/files/10.png?v=1755720801"
"150","11.png","1","/pages/community-discounts-and-programs","Page FAQ block (empty alt)","(leave empty: alt="""")","","","Yes","No change needed. The empty description is correct because the label beside the photo already describes it.","Man in a quilted sweater with coffee; sits beside its own label. Empty alt is correct here.","https://www.tascperformance.com/cdn/shop/files/11.png?v=1755720801"